title,description,image,location,phone
SÃ©rieux Transporteurs / PAS CHER,"* * * LONGUE DISTANCE UNIQUEMENT * * *

Tarifs Ã  partir de 649â‚¬ 
 
Location  Camion  20m3  avec  Chauffeur, Nos  Utilitaires  sont  Ã‰quipÃ©s  de Hayon, idÃ©al pour un DÃ©mÃ©nagement ou pour Transporter de la Marchandise en Vrac et sur  Palettes.

Le jour du DÃ©mÃ©nagement, il suffit de rÃ©unir de la famille  et  des  amis  pour  vous  aider  Ã   Charger  et  Ã   DÃ©charger le Camion. 

Pas  de  groupage  ou  retard  de  Livraison, Vos  effets  sont  acheminÃ©s  partout  en   France  et  Europe  en  24/48h.
 
Nous  proposons  une  offre  TOUT  INCLUS : le Camion + le Chauffeur + les Frais de route + le Carburant + l'Assurance incluse et Gratuite !

Avantages : 
PAS DE CAUTION
Vous ne payez que lâ€™aller simple

Mots clefs : 

DÃ©mÃ©nageur / Transporteur / Transport / DÃ©mÃ©nager / Transporter",1.jpg,Nice (06000),0156374553
title 2,,2.jpg,Nice (06800),0123456789
,,,,
,,,,
,,,,
,,,,
,,,,
,,,,
,,,,
DÃ©mÃ©nagez en toute SÃ©rÃ©nitÃ©,"âš ï¸ LOCATION  EXCLUSIVEMENT  POUR  LES  GRANDES  LONGUES  SUPÃ‰RIEURE  Ã€  200 KM  AVEC  CONDUCTEUR âš ï¸

ğŸš›ğŸšš  DÃ©mÃ©nagement / Location de Camion avec Chauffeur / Transport de marchandises ğŸš›ğŸšš

ğŸ’ªAVEC ou SANS MANUTENTION du Chauffeur ğŸ’ª

ğŸšš A Louer camion 20 - 25 m3  avec Chauffeur Ã  partir de 650â‚¬
âš ï¸ LOCATION UNIQUEMENT POUR LES DISTANCES SUPÃ‰RIEURE Ã€ 200 KM AVEC CONDUCTEUR âš ï¸

ğŸ‡«ğŸ‡· 7J/7 DIMANCHE et JOUR FÃ‰RIÃ‰ partout en France ğŸ‡«ğŸ‡·

ğŸ”‘ Formule ECO : Camion 20-25m3 + Chauffeur 

ğŸ”‘ Formule ECO+ : Camion + Chauffeur  lâ€™aide du Chauffeur Ã  la manutention
 
âœ… Nous proposons une offre TOUT INCLUS : le Camion + le Chauffeur  + le  + les frais de route + carburant + lâ€™assurance incluse et gratuite !

âœ… Pas de caution ni besoin de se dÃ©placer en agence

ğŸ§¾ POUR UN DEVIS GRATUIT, prÃ©cis et rapide Veuillez nous indiquer SVP les 2 adresses complÃ¨tes + la date/pÃ©riode du dÃ©mÃ©nagement 

â˜ï¸ Un renseignement â“ Une question â“ N'hÃ©sitez pas Ã  nous contacter âœ…

âš ï¸ LOCATION SEULEMENT POUR LES GRANDES DISTANCES SUPÃ‰RIEURE Ã€ 400 KM AVEC CONDUCTEUR âš ï¸


ğŸ’» DEVIS rapide , GRATUIT prÃ©cis , sans SURPRISE

âš ï¸Le prix est suivant la formule et la distance  âš ï¸

âš ï¸ Le prix est suivant la formule et la distance  âš ï¸

âš ï¸ Le prix est suivant la formule et la distance  âš ï¸",10.jpg,Paris (75018) 18e Arrondissement,0171183931